<?xml version="1.0" encoding="UTF-8" ?>
<!DOCTYPE mapper
      PUBLIC "-//mybatis.org//DTD Mapper 3.0//EN"
   "http://mybatis.org/dtd/mybatis-3-mapper.dtd">

<mapper namespace="mapper.member">
	<!----> 
	<resultMap id="memberResult" type="MemberVO">
		<result property="id" column="id" />
        <result property="pwd" column="pwd" />
        <result property="name" column="name" />
        <result property="email" column="email" />
        <result property="registDate" column="regist_date" />
	</resultMap>  

	<select id="checkMember" resultMap="memberResult"  resultType="memberVO"  
											parameterType="java.lang.String" >
      <![CDATA[
         select * from member
         where
         id=#{id}		
      ]]>
   </select>	
 
 </mapper>